sample,mapped_reads,gRNA_count,orf,sgRNA_count,coverage,sgRPTL,sgRPHT
SHEF-D2BD9,838972,5,S,304,1327.0,229.0881688018086,36.23482070915358
SHEF-D2BD9,838972,4,ORF3a,1,3342.0,0.2992220227408737,0.1191934891748473
SHEF-D2BD9,838972,8,E,56,771.0,72.63294422827497,6.674835393791449
SHEF-D2BD9,838972,6,M,512,5377.0,95.22038311326018,61.02706645752182
SHEF-D2BD9,838972,10,ORF6,103,3488.0,29.529816513761467,12.276929385009273
SHEF-D2BD9,838972,2,ORF7a,1,6171.0,0.16204829039053636,0.1191934891748473
SHEF-D2BD9,838972,4,N,592,6515.0,90.86722947045281,70.5625455915096
